repo_path,report_filename,category,dest_path
C:\AI\repos\mcp\data,crawl_report_1766776115.json,uncategorized,results\uncategorized\mcp\crawl_report_1766776115.json
C:\AI\repos\mcp\data,crawl_report_1766776333.json,uncategorized,results\uncategorized\mcp\crawl_report_1766776333.json
C:\AI\repos\mcp\data,crawl_report_1766776707.json,uncategorized,results\uncategorized\mcp\crawl_report_1766776707.json
C:\AI\repos\mcp\data,crawl_report_1766776748.json,uncategorized,results\uncategorized\mcp\crawl_report_1766776748.json
C:\AI\repos\mcp\data,crawl_report_1766777190.json,uncategorized,results\uncategorized\mcp\crawl_report_1766777190.json
C:\AI\repos\mcp\data,crawl_report_1766778973.json,uncategorized,results\uncategorized\mcp\crawl_report_1766778973.json
C:\AI\repos\mcp\data,crawl_report_1766779377.json,uncategorized,results\uncategorized\mcp\crawl_report_1766779377.json
C:\AI\repos\mcp\data,crawl_report_1766779524.json,uncategorized,results\uncategorized\mcp\crawl_report_1766779524.json
C:\AI\repos\mcp\data,crawl_report_1766780314.json,uncategorized,results\uncategorized\mcp\crawl_report_1766780314.json
C:\AI\repos\mcp\data,crawl_report_1766780355.json,uncategorized,results\uncategorized\mcp\crawl_report_1766780355.json
C:\AI\repos\mcp\data,crawl_report_1766788682.json,uncategorized,results\uncategorized\mcp\crawl_report_1766788682.json
C:\AI\repos\mcp\data,crawl_report_1766789087.json,uncategorized,results\uncategorized\mcp\crawl_report_1766789087.json
C:\AI\repos\mcp\data,crawl_report_1766789234.json,uncategorized,results\uncategorized\mcp\crawl_report_1766789234.json
C:\AI\repos\mcp\data,cycle_summary-1766770013.json,uncategorized,results\uncategorized\mcp\cycle_summary-1766770013.json
C:\AI\repos\mcp\data,cycle_summary-1766770073.json,uncategorized,results\uncategorized\mcp\cycle_summary-1766770073.json
C:\AI\repos\mcp\data,cycle_summary-1766770133.json,uncategorized,results\uncategorized\mcp\cycle_summary-1766770133.json
C:\AI\repos\mcp\data,cycle_summary-1766770193.json,uncategorized,results\uncategorized\mcp\cycle_summary-1766770193.json
C:\AI\repos\mcp\data,cycle_summary-1766770253.json,uncategorized,results\uncategorized\mcp\cycle_summary-1766770253.json
C:\AI\repos\mcp\data,cycle_summary-1766770313.json,uncategorized,results\uncategorized\mcp\cycle_summary-1766770313.json
C:\AI\repos\mcp\data,cycle_summary-1766770373.json,uncategorized,results\uncategorized\mcp\cycle_summary-1766770373.json
C:\AI\repos\mcp\data,cycle_summary-1766770433.json,uncategorized,results\uncategorized\mcp\cycle_summary-1766770433.json
C:\AI\repos\mcp\data,cycle_summary-1766770493.json,uncategorized,results\uncategorized\mcp\cycle_summary-1766770493.json
C:\AI\repos\mcp\data,cycle_summary-1766770553.json,uncategorized,results\uncategorized\mcp\cycle_summary-1766770553.json
C:\AI\repos\mcp\data,cycle_summary-1766770613.json,uncategorized,results\uncategorized\mcp\cycle_summary-1766770613.json
C:\AI\repos\mcp\data,cycle_summary-1766770673.json,uncategorized,results\uncategorized\mcp\cycle_summary-1766770673.json
C:\AI\repos\mcp\data,cycle_summary-1766770733.json,uncategorized,results\uncategorized\mcp\cycle_summary-1766770733.json
C:\AI\repos\mcp\data,cycle_summary-1766770793.json,uncategorized,results\uncategorized\mcp\cycle_summary-1766770793.json
C:\AI\repos\mcp\data,cycle_summary-1766770853.json,uncategorized,results\uncategorized\mcp\cycle_summary-1766770853.json
C:\AI\repos\mcp\data,cycle_summary-1766770890.json,uncategorized,results\uncategorized\mcp\cycle_summary-1766770890.json
C:\AI\repos\mcp\data,cycle_summary-1766770913.json,uncategorized,results\uncategorized\mcp\cycle_summary-1766770913.json
C:\AI\repos\mcp\data,cycle_summary-1766770950.json,uncategorized,results\uncategorized\mcp\cycle_summary-1766770950.json
C:\AI\repos\mcp\data,cycle_summary-1766770973.json,uncategorized,results\uncategorized\mcp\cycle_summary-1766770973.json
C:\AI\repos\mcp\data,cycle_summary-1766771010.json,uncategorized,results\uncategorized\mcp\cycle_summary-1766771010.json
C:\AI\repos\mcp\data,cycle_summary-1766771033.json,uncategorized,results\uncategorized\mcp\cycle_summary-1766771033.json
C:\AI\repos\mcp\data,cycle_summary-1766771070.json,uncategorized,results\uncategorized\mcp\cycle_summary-1766771070.json
C:\AI\repos\mcp\data,cycle_summary-1766771093.json,uncategorized,results\uncategorized\mcp\cycle_summary-1766771093.json
C:\AI\repos\mcp\data,cycle_summary-1766771130.json,uncategorized,results\uncategorized\mcp\cycle_summary-1766771130.json
C:\AI\repos\mcp\data,cycle_summary-1766771153.json,uncategorized,results\uncategorized\mcp\cycle_summary-1766771153.json
C:\AI\repos\mcp\data,cycle_summary-1766771190.json,uncategorized,results\uncategorized\mcp\cycle_summary-1766771190.json
C:\AI\repos\mcp\data,cycle_summary-1766771213.json,uncategorized,results\uncategorized\mcp\cycle_summary-1766771213.json
C:\AI\repos\mcp\data,cycle_summary-1766771250.json,uncategorized,results\uncategorized\mcp\cycle_summary-1766771250.json
C:\AI\repos\mcp\data,cycle_summary-1766771273.json,uncategorized,results\uncategorized\mcp\cycle_summary-1766771273.json
C:\AI\repos\mcp\data,cycle_summary-1766771310.json,uncategorized,results\uncategorized\mcp\cycle_summary-1766771310.json
C:\AI\repos\mcp\data,cycle_summary-1766771333.json,uncategorized,results\uncategorized\mcp\cycle_summary-1766771333.json
